{"val_mae": [0.05685007997921535, 0.05483708140395936, 0.05598157928103492, 0.05770280034769149, 0.05363677867821285, 0.054386520314784276, 0.05439357707897822, 0.05604419183163416, 0.05430861101264045, 0.05692581584056219, 0.059156939742111024, 0.0573873207682655, 0.05743658045927683, 0.05593369085164297, 0.05186164414598828, 0.05695199576162156, 0.05361642085370563, 0.057320792050588695, 0.05411931446620396, 0.0558138322972116, 0.05716071277856827, 0.05568315088748932, 0.053901132728372304, 0.05782450380779448, 0.056794331896872746, 0.053991694890317465, 0.05539779897247042, 0.05784002726986295, 0.05331962733041672, 0.057371904097852255, 0.05511531091871716, 0.05434249909151168, 0.05535597744442168, 0.05665657811221622, 0.05903777480125427, 0.05473136156797409, 0.05570265579791296, 0.05954521894454956, 0.053517433149474006, 0.05666614252896536, 0.05740559384936378, 0.05435198616413843, 0.056727222743488494, 0.05572773551657086, 0.055487332599503655, 0.05720756664162591, 0.05860162739242826, 0.053936430031345, 0.05703553202606383, 0.05766054916949499, 0.05572497028680075, 0.06005912841785522, 0.05445390265612375, 0.0564091315581685, 0.05434774252630416, 0.053725274900595345, 0.05705189917768751, 0.05742919941743215, 0.05399496817872638, 0.05583843801702772], "loss": [-0.02237915661599901, -0.026493822771405415, -0.02688505603049798, -0.0290680941903875, -0.02755403987787388, -0.029206612595805415, -0.02944140928605246, -0.031165970893448622, -0.03262795590692096, -0.03196006130289148, -0.031624510647758605, -0.032699599940940814, -0.03156675406233974, -0.033960068076060564, -0.03266581680093493, -0.03143719721723486, -0.034184182742758404, -0.032318347306163224, -0.03622360941436556, -0.034284614420757094, -0.03634922237938674, -0.035489576489285184, -0.035991737609187134, -0.03534325208298113, -0.03443581957823385, -0.034168530147148185, -0.03742364486531606, -0.035959018561890516, -0.036716226350378106, -0.03531778998002804, -0.03631566165300904, -0.038266335175466286, -0.03817295566910789, -0.03940366681606051, -0.038257376778693425, -0.038205270374578146, -0.03891094651802507, -0.03778211220547005, -0.037392753043345044, -0.038780275397199804, -0.04033827014937603, -0.04020721820138749, -0.038473222345586804, -0.03910898334450192, -0.04108328096292637, -0.04115929356012395, -0.0417290653382975, -0.03992396506367537, -0.040339366311118716, -0.04104822448321751, -0.039504036011676937, -0.04058310671379327, -0.03972094584867437, -0.03980506928982558, -0.04232725205402526, -0.042321377014987685, -0.041475704974598356, -0.040437666275513866, -0.041264055937370925, -0.04089949555971004], "PSNRLoss": [31.72639352303964, 31.838951413593595, 31.895357454895343, 31.9485825937261, 32.063365290404626, 32.11232506282746, 32.02364207070971, 32.408327011835006, 32.463961394375595, 32.36561323095251, 32.48579085819305, 32.340625016146866, 32.30215549973584, 32.56166234092107, 32.45316439835483, 32.36538595371145, 32.69780848265955, 32.37011452326699, 32.61504783832207, 32.44113373125672, 32.735071767574894, 32.649912657561124, 32.75278393175236, 32.585583681782715, 32.70957314022004, 32.67170009915791, 32.9982215235473, 32.83939217259644, 32.9441704220242, 32.67918165903243, 32.809502566302264, 33.1110399236124, 33.120173913461194, 33.30780049480458, 33.04825949290442, 33.16396932248716, 33.088050478980655, 33.13852410089402, 32.96749944535513, 33.19152253771585, 33.29758732911771, 33.40460176821108, 33.313110896519255, 33.267321470553284, 33.51511828104655, 33.44043315907635, 33.410955358434606, 33.26733586144826, 33.48752559682049, 33.51902523747197, 33.33089989959878, 33.36545824121546, 33.4756947371064, 33.23295119956688, 33.63362175068527, 33.47668102809361, 33.59431267793847, 33.322727062084056, 33.436879213524875, 33.49264760496755], "wmae": [0.06274318292973534, 0.06108813224330781, 0.06096473316509257, 0.059753251059976205, 0.06042203382051811, 0.05945931587900434, 0.05956995786813201, 0.05775649222747359, 0.05719067388899112, 0.05768516344368142, 0.05811609426345775, 0.0572641120149345, 0.05834291950262413, 0.056422015110020915, 0.05686603084443107, 0.05806842671027259, 0.05598733651023063, 0.057525727405119194, 0.05466662363085167, 0.05629089521983313, 0.0544819439608584, 0.0552672968497352, 0.054555474647453854, 0.055479860534428285, 0.05575707089648676, 0.05581967335529428, 0.053816338025388266, 0.05444406457836666, 0.054048181368560384, 0.05521803502998655, 0.05450160604305368, 0.05291146556378672, 0.052977237160559056, 0.05219821147029362, 0.05307277520655324, 0.052735744132882074, 0.05245158312812684, 0.052950156389405485, 0.05307164604938219, 0.052764058625571944, 0.05122233089552355, 0.050951714671793435, 0.052330282551270944, 0.05212775755811621, 0.050411240330764225, 0.050767663136991874, 0.050133417621649135, 0.051848540900560916, 0.05093135298402221, 0.05026104454956357, 0.05159543724681335, 0.051048209526078414, 0.05138454941057023, 0.051587888527484166, 0.04989225720917737, 0.04982073502565818, 0.05057465691099722, 0.05145952921538126, 0.050707261556040044, 0.050895202254492136], "ssim": [0.8512233792158662, 0.875819533274918, 0.8784978806026398, 0.88821343738566, 0.8797607276805495, 0.8866592699257785, 0.8901136526985775, 0.8892246257691157, 0.8981862843982757, 0.89645223264341, 0.8974060375223715, 0.8996371049729605, 0.8990967194870035, 0.9038208152251269, 0.8953184646273417, 0.8950562278429667, 0.9017151729770438, 0.8984407325270315, 0.908902316812485, 0.905755084027689, 0.9083116423516047, 0.9075687218595434, 0.9054721070345116, 0.9082311145843022, 0.9019288852732018, 0.8998820214044481, 0.9123998192883043, 0.9040308178417267, 0.9076440637073819, 0.905358235987406, 0.9081726622959924, 0.9117779886281049, 0.9115019081130861, 0.9160187708006965, 0.9133015073165691, 0.9094101304099673, 0.9136252838467794, 0.9073226701014887, 0.904643976499164, 0.9154433226459241, 0.9156059947594133, 0.9115893153286485, 0.9080350342251006, 0.9123673905771246, 0.9149451965377444, 0.9192695485221015, 0.9186248104408304, 0.9177250464757284, 0.9127071752119317, 0.9130926718787541, 0.9109947183144786, 0.916313145841871, 0.9110549420276016, 0.9139295668198318, 0.9221950763117068, 0.9214211109454039, 0.9205036049797422, 0.91897194000779, 0.9197131622405279, 0.9179469624524395], "val_ssim": [0.7459836261613029, 0.724889467159907, 0.7420896632330758, 0.7338046530882517, 0.7453157844997588, 0.7533379055204845, 0.7325190674690973, 0.7289405124528068, 0.7428928812344869, 0.7409762399537223, 0.7483830423582167, 0.739858749366942, 0.7263906654857454, 0.7441644753728595, 0.7251568890753246, 0.7421028131530398, 0.7504377734093439, 0.7429037548246837, 0.7542081446874709, 0.7327817096596673, 0.7454040078889757, 0.748058401402973, 0.7177148972238813, 0.7499558159283229, 0.7311874386810121, 0.7365254901704335, 0.7426211890720186, 0.7205712880407061, 0.7528760319664365, 0.7252670356205532, 0.7520515776815868, 0.7425094786144438, 0.7413039576439631, 0.7259175294921512, 0.7482029625347683, 0.7476118206977844, 0.745673418045044, 0.7017782415662494, 0.748302039645967, 0.7497101795105707, 0.7405267698424203, 0.7563989957173666, 0.752009928226471, 0.7266505786350795, 0.7402160792123704, 0.750094643660954, 0.7462313260350909, 0.7323460167362577, 0.7508237730889094, 0.7235893110434214, 0.7572230583145505, 0.7235542209375472, 0.7372061979202997, 0.7321423661141169, 0.7466559693926856, 0.7347936119352069, 0.7450602224894932, 0.7316408795969827, 0.7576743506249928, 0.7472340237526667],